{"cameraMode":{"drawMode":0,"name":"Shaded","section":"Shading Mode"},"sceneLighting":false,"audioPlay":false,"sceneViewState":{"showFog":true,"showMaterialUpdate":false,"showSkybox":false,"showFlares":true,"showImageEffects":true,"showParticleSystems":true},"in2DMode":false,"pivot":{"x":-0.5382199287414551,"y":0.3706006407737732,"z":-0.3765387535095215},"rotation":{"x":0.005110704805701971,"y":0.9893943667411804,"z":-0.03594028577208519,"w":0.14074163138866425},"size":15.592252731323243,"orthographic":false}