{"cameraMode":{"drawMode":0,"name":"Shaded","section":"Shading Mode"},"sceneLighting":false,"audioPlay":false,"sceneViewState":{"showFog":true,"showMaterialUpdate":false,"showSkybox":true,"showFlares":true,"showImageEffects":true,"showParticleSystems":true},"in2DMode":false,"pivot":{"x":-23.251083374023439,"y":1.7566626071929932,"z":24.32561683654785},"rotation":{"x":0.005110704805701971,"y":0.9893943667411804,"z":-0.03594028577208519,"w":0.14074163138866425},"size":12.076562881469727,"orthographic":false}